name,tour
梅州市,Not Tourist City
鄂州市,Not Tourist City
吕梁市,Not Tourist City
舟山市,Not Tourist City
朝阳市,Not Tourist City
广安市,Not Tourist City
濮阳市,Not Tourist City
宣城市,Not Tourist City
六盘水市,Not Tourist City
深圳市,Tourist City
三明市,Tourist City
景德镇市,Not Tourist City
楚雄彝族自治州,Not Tourist City
大连市,Not Tourist City
攀枝花市,Not Tourist City
贺州市,Not Tourist City
西安市,Tourist City
淮北市,Not Tourist City
邵阳市,Not Tourist City
石家庄市,Tourist City
汕尾市,Not Tourist City
荆门市,Not Tourist City
衢州市,Not Tourist City
迪庆藏族自治州,Not Tourist City
宜宾市,Not Tourist City
葫芦岛市,Not Tourist City
济南市,Tourist City
贵阳市,Tourist City
珠海市,Not Tourist City
长春市,Tourist City
延边朝鲜族自治州,Not Tourist City
萍乡市,Not Tourist City
庆阳市,Not Tourist City
泉州市,Not Tourist City
自贡市,Not Tourist City
临沂市,Not Tourist City
百色市,Not Tourist City
鞍山市,Not Tourist City
铜陵市,Tourist City
唐山市,Tourist City
岳阳市,Not Tourist City
河源市,Not Tourist City
孝感市,Not Tourist City
金华市,Not Tourist City
兴安盟,Not Tourist City
盘锦市,Tourist City
雅安市,Not Tourist City
亳州市,Not Tourist City
商洛市,Not Tourist City
盐城市,Not Tourist City
汕头市,Not Tourist City
安顺市,Not Tourist City
黔南布依族苗族自治州,Not Tourist City
厦门市,Tourist City
太子山天然林保护区,Not Tourist City
阿克苏地区,Not Tourist City
红河哈尼族彝族自治州,Not Tourist City
甘南藏族自治州,Not Tourist City
太原市,Tourist City
常德市,Not Tourist City
牡丹江市,Tourist City
淮南市,Not Tourist City
德阳市,Not Tourist City
威海市,Not Tourist City
秦皇岛市,Not Tourist City
绍兴市,Not Tourist City
阳江市,Not Tourist City
铁岭市,Not Tourist City
达州市,Not Tourist City
池州市,Not Tourist City
淮安市,Not Tourist City
遵义市,Tourist City
黔东南苗族侗族自治州,Not Tourist City
莆田市,Not Tourist City
南昌市,Tourist City
佛山市,Tourist City
大同市,Not Tourist City
昆明市,Tourist City
张家界市,Not Tourist City
泸州市,Tourist City
沈阳市,Tourist City
邯郸市,Not Tourist City
马鞍山市,Not Tourist City
日照市,Not Tourist City
三亚市,Tourist City
十堰市,Not Tourist City
呼和浩特市,Tourist City
德宏傣族景颇族自治州,Not Tourist City
梧州市,Not Tourist City
枣庄市,Not Tourist City
安阳市,Not Tourist City
怀化市,Not Tourist City
阳泉市,Not Tourist City
保亭黎族苗族自治县,Not Tourist City
中农发山丹马场,Not Tourist City
鹰潭市,Not Tourist City
陵水黎族自治县,Not Tourist City
博尔塔拉蒙古自治州,Not Tourist City
乐东黎族自治县,Not Tourist City
辽源市,Not Tourist City
齐齐哈尔市,Not Tourist City
龙岩市,Not Tourist City
天门市,Not Tourist City
潜江市,Not Tourist City
邢台市,Not Tourist City
仙桃市,Not Tourist City
绥化市,Not Tourist City
丹东市,Not Tourist City
滨州市,Not Tourist City
镇江市,Not Tourist City
昌江黎族自治县,Not Tourist City
周口市,Not Tourist City
白沙黎族自治县,Not Tourist City
临高县,Not Tourist City
吐鲁番市,Not Tourist City
澄迈县,Not Tourist City
长沙市,Tourist City
屯昌县,Not Tourist City
定安县,Not Tourist City
海口市,Tourist City
乐山市,Not Tourist City
凉山彝族自治州,Not Tourist City
桂林市,Tourist City
东营市,Not Tourist City
鹤壁市,Not Tourist City
娄底市,Not Tourist City
包头市,Not Tourist City
锡林郭勒盟,Not Tourist City
琼中黎族苗族自治县,Not Tourist City
长治市,Not Tourist City
赣州市,Not Tourist City
莲花山风景林自然保护区,Not Tourist City
通化市,Tourist City
巴音郭楞蒙古自治州,Not Tourist City
上海市,Tourist City
鸡西市,Not Tourist City
宁德市,Not Tourist City
保定市,Not Tourist City
菏泽市,Not Tourist City
崇左市,Not Tourist City
黑河市,Not Tourist City
扬州市,Not Tourist City
驻马店市,Not Tourist City
哈密市,Not Tourist City
株洲市,Tourist City
锦州市,Not Tourist City
肇庆市,Not Tourist City
恩施土家族苗族自治州,Not Tourist City
宜昌市,Tourist City
怒江傈僳族自治州,Not Tourist City
柳州市,Not Tourist City
平凉市,Not Tourist City
眉山市,Not Tourist City
青岛市,Tourist City
新乡市,Not Tourist City
乌海市,Not Tourist City
黔西南布依族苗族自治州,Not Tourist City
晋城市,Not Tourist City
广州市,Tourist City
吉林市,Tourist City
九江市,Not Tourist City
漳州市,Not Tourist City
来宾市,Not Tourist City
张家口市,Not Tourist City
德州市,Not Tourist City
胡杨河市,Not Tourist City
固原市,Not Tourist City
抚顺市,Not Tourist City
安庆市,Not Tourist City
白杨市,Not Tourist City
新星市,Not Tourist City
克拉玛依市,Not Tourist City
湘潭市,Not Tourist City
昆玉市,Not Tourist City
惠州市,Tourist City
可克达拉市,Not Tourist City
襄阳市,Not Tourist City
南宁市,Tourist City
南充市,Tourist City
酒泉市,Not Tourist City
淄博市,Tourist City
图木舒克市,Not Tourist City
阿拉尔市,Not Tourist City
焦作市,Not Tourist City
石河子市,Tourist City
赤峰市,Not Tourist City
双河市,Not Tourist City
铁门关市,Not Tourist City
北屯市,Not Tourist City
五家渠市,Not Tourist City
韶关市,Not Tourist City
朔州市,Not Tourist City
四平市,Not Tourist City
新余市,Tourist City
南平市,Not Tourist City
哈尔滨市,Tourist City
成都市,Tourist City
河池市,Not Tourist City
中卫市,Not Tourist City
本溪市,Not Tourist City
承德市,Not Tourist City
聊城市,Not Tourist City
衡阳市,Not Tourist City
湘西土家族苗族自治州,Not Tourist City
杭州市,Tourist City
玉树藏族自治州,Not Tourist City
武威市,Not Tourist City
临夏回族自治州,Not Tourist City
黄山市,Not Tourist City
徐州市,Not Tourist City
济宁市,Not Tourist City
揭阳市,Not Tourist City
那曲市,Not Tourist City
郑州市,Tourist City
通辽市,Not Tourist City
贵港市,Not Tourist City
安康市,Not Tourist City
昌吉回族自治州,Not Tourist City
晋中市,Not Tourist City
大庆市,Not Tourist City
普洱市,Not Tourist City
白城市,Not Tourist City
石嘴山市,Not Tourist City
荆州市,Not Tourist City
沧州市,Not Tourist City
三门峡市,Not Tourist City
海西蒙古族藏族自治州,Not Tourist City
云浮市,Not Tourist City
张掖市,Tourist City
滁州市,Not Tourist City
泰安市,Not Tourist City
无锡市,Not Tourist City
大兴安岭地区,Not Tourist City
鄂尔多斯市,Tourist City
阿拉善盟,Not Tourist City
山南市,Not Tourist City
开封市,Tourist City
重庆市,Tourist City
钦州市,Not Tourist City
榆林市,Not Tourist City
伊春市,Not Tourist City
运城市,Not Tourist City
丽江市,Tourist City
黄冈市,Not Tourist City
吴忠市,Not Tourist City
南阳市,Not Tourist City
乌鲁木齐市,Tourist City
和田地区,Not Tourist City
海南藏族自治州,Not Tourist City
海东市,Not Tourist City
武汉市,Tourist City
儋州市,Not Tourist City
甘孜藏族自治州,Not Tourist City
内江市,Not Tourist City
烟台市,Tourist City
南京市,Tourist City
白银市,Not Tourist City
郴州市,Tourist City
呼伦贝尔市,Not Tourist City
防城港市,Not Tourist City
北京市,Tourist City
洛阳市,Tourist City
汉中市,Not Tourist City
吉安市,Not Tourist City
丽水市,Not Tourist City
忻州市,Not Tourist City
中山市,Not Tourist City
鹤岗市,Not Tourist City
白山市,Not Tourist City
咸宁市,Not Tourist City
宿迁市,Not Tourist City
济源市,Not Tourist City
营口市,Not Tourist City
商丘市,Not Tourist City
果洛藏族自治州,Not Tourist City
三沙市,Not Tourist City
黄石市,Not Tourist City
阿坝藏族羌族自治州,Not Tourist City
潍坊市,Not Tourist City
天水市,Not Tourist City
永州市,Not Tourist City
巴彦淖尔市,Not Tourist City
北海市,Not Tourist City
平顶山市,Not Tourist City
宜春市,Not Tourist City
台州市,Not Tourist City
东方市,Not Tourist City
延安市,Not Tourist City
万宁市,Not Tourist City
文昌市,Not Tourist City
双鸭山市,Not Tourist City
临沧市,Not Tourist City
松原市,Not Tourist City
随州市,Not Tourist City
资阳市,Not Tourist City
银川市,Tourist City
泰州市,Not Tourist City
神农架林区,Not Tourist City
阜新市,Not Tourist City
琼海市,Not Tourist City
五指山市,Not Tourist City
信阳市,Not Tourist City
湖州市,Not Tourist City
黄南藏族自治州,Tourist City
抚州市,Not Tourist City
清远市,Not Tourist City
天津市,Tourist City
嘉峪关市,Not Tourist City
乌兰察布市,Not Tourist City
阿里地区,Not Tourist City
连云港市,Not Tourist City
克孜勒苏柯尔克孜自治州,Not Tourist City
日喀则市,Not Tourist City
渭南市,Not Tourist City
铜仁市,Not Tourist City
玉溪市,Not Tourist City
江门市,Not Tourist City
益阳市,Not Tourist City
广元市,Not Tourist City
芜湖市,Tourist City
塔城地区,Not Tourist City
嘉兴市,Not Tourist City
西宁市,Tourist City
上饶市,Not Tourist City
东莞市,Not Tourist City
南通市,Not Tourist City
辽阳市,Not Tourist City
巴中市,Not Tourist City
六安市,Not Tourist City
金昌市,Not Tourist City
廊坊市,Tourist City
拉萨市,Not Tourist City
喀什地区,Not Tourist City
阿勒泰地区,Not Tourist City
毕节市,Not Tourist City
福州市,Tourist City
咸阳市,Not Tourist City
文山壮族苗族自治州,Not Tourist City
湛江市,Not Tourist City
曲靖市,Not Tourist City
蚌埠市,Not Tourist City
绵阳市,Not Tourist City
温州市,Tourist City
苏州市,Tourist City
阜阳市,Not Tourist City
林芝市,Not Tourist City
衡水市,Not Tourist City
许昌市,Not Tourist City
佳木斯市,Not Tourist City
宝鸡市,Not Tourist City
昭通市,Not Tourist City
大理白族自治州,Tourist City
定西市,Not Tourist City
茂名市,Not Tourist City
伊犁哈萨克自治州,Not Tourist City
宁波市,Tourist City
兰州市,Tourist City
临汾市,Not Tourist City
常州市,Tourist City
宿州市,Not Tourist City
潮州市,Not Tourist City
昌都市,Not Tourist City
玉林市,Not Tourist City
海北藏族自治州,Not Tourist City
漯河市,Not Tourist City
七台河市,Not Tourist City
西双版纳傣族自治州,Not Tourist City
陇南市,Not Tourist City
保山市,Not Tourist City
遂宁市,Not Tourist City
合肥市,Tourist City
铜川市,Not Tourist City
